"id","user_id","product_id","rating","created_at","updated_at"
"1","1","5","5","2023-10-14 15:53:20","2023-10-14 15:53:20"
"2","1","17","2","2023-10-14 15:53:47","2023-10-14 15:53:47"
"3","1","1","4.5","2023-10-14 15:54:37","2023-10-14 15:54:37"
"4","4","21","4","2023-10-14 15:56:24","2023-10-14 15:56:24"
"5","2","3","3","2023-10-14 15:57:40","2023-10-14 15:57:40"
"6","2","22","1","2023-10-14 16:05:02","2023-10-14 16:05:02"
"7","2","10","3","2023-10-14 16:05:17","2023-10-14 16:05:17"
"8","2","7","3.5","2023-10-14 16:16:13","2023-10-14 16:16:13"
"9","3","24","3","2023-10-14 16:17:18","2023-10-14 16:17:18"
"10","2","28","2.5","2023-10-14 16:18:00","2023-10-14 16:18:00"
"11","3","29","3","2023-10-14 16:20:11","2023-10-14 16:20:11"
"12","3","9","4","2023-10-14 16:20:22","2023-10-14 16:20:22"
"13","3","28","3.5","2023-10-14 16:27:40","2023-10-14 16:27:40"
"14","4","3","4","2023-10-14 16:28:29","2023-10-14 16:28:29"
"15","4","4","3","2023-10-14 16:28:39","2023-10-14 16:28:39"
"16","5","8","2.5","2023-10-14 16:28:52","2023-10-14 16:28:52"
"17","5","15","2.5","2023-10-14 16:29:14","2023-10-14 16:29:14"
"18","5","9","2.5","2023-10-14 16:29:22","2023-10-14 16:29:22"
"19","6","9","3","2023-10-14 16:30:27","2023-10-14 16:30:27"
"20","6","22","4.5","2023-10-14 16:30:39","2023-10-14 16:30:39"
"21","6","12","4.5","2023-10-14 16:30:50","2023-10-14 16:30:50"
"22","6","2","4.5","2023-10-14 16:31:00","2023-10-14 16:31:00"
"23","7","25","5","2023-10-14 16:31:12","2023-10-14 16:31:12"
"24","7","16","3","2023-10-14 16:31:21","2023-10-14 16:31:21"
"25","7","18","4.5","2023-10-14 16:31:31","2023-10-14 16:31:31"
"26","7","19","5","2023-10-14 16:32:02","2023-10-14 16:32:02"
"27","8","13","4.5","2023-10-14 16:33:11","2023-10-14 16:33:11"
"28","8","16","2.5","2023-10-14 16:33:54","2023-10-14 16:33:54"
"29","8","2","5","2023-10-14 16:34:02","2023-10-14 16:34:02"
"30","8","18","3","2023-10-14 16:34:18","2023-10-14 16:34:18"
"31","9","25","4.5","2023-10-14 16:36:36","2023-10-14 16:36:36"
"32","9","23","4","2023-10-14 16:36:47","2023-10-14 16:36:47"
"33","9","15","3","2023-10-14 16:37:00","2023-10-14 16:37:00"
"34","9","3","3","2023-10-14 16:37:12","2023-10-14 16:37:12"
"35","10","5","3","2023-10-14 16:37:33","2023-10-14 16:37:33"
"36","10","25","4.5","2023-10-14 16:37:44","2023-10-14 16:37:44"
"37","10","20","4.5","2023-10-14 16:37:54","2023-10-14 16:37:54"
"38","10","13","3","2023-10-14 16:38:05","2023-10-14 16:38:05"
"39","11","17","3","2023-10-14 16:38:25","2023-10-14 16:38:25"
"40","11","10","4.5","2023-10-14 16:38:34","2023-10-14 16:38:34"
"41","11","18","4","2023-10-14 16:39:00","2023-10-14 16:39:00"
"42","11","29","5","2023-10-14 16:39:13","2023-10-14 16:39:13"
"43","12","5","5","2023-10-14 16:41:11","2023-10-14 16:41:11"
"44","12","3","5","2023-10-14 16:43:07","2023-10-14 16:43:07"
"45","12","22","4","2023-10-14 16:43:20","2023-10-14 16:43:20"
"46","12","9","4","2023-10-14 16:43:33","2023-10-14 16:43:33"
"47","13","2","3.5","2023-10-14 16:43:48","2023-10-14 16:43:48"
"48","13","13","3","2023-10-14 16:43:58","2023-10-14 16:43:58"
"49","13","29","3","2023-10-14 16:44:11","2023-10-14 16:44:11"
"50","13","15","3","2023-10-14 16:44:25","2023-10-14 16:44:25"
"51","14","15","4","2023-10-14 16:44:36","2023-10-14 16:44:36"
"52","14","11","4","2023-10-14 16:45:09","2023-10-14 16:45:09"
"53","14","24","5","2023-10-14 16:45:25","2023-10-14 16:45:25"
"54","14","21","4","2023-10-14 16:45:39","2023-10-14 16:45:39"
"55","15","11","3","2023-10-14 16:45:49","2023-10-14 16:45:49"
"56","14","12","4","2023-10-14 16:46:00","2023-10-14 16:46:00"
"57","15","13","4","2023-10-14 16:46:51","2023-10-14 16:46:51"
"58","15","3","3.5","2023-10-14 16:47:00","2023-10-14 16:47:00"
"59","15","24","4","2023-10-14 16:47:11","2023-10-14 16:47:11"
"60","16","6","5","2023-10-14 16:47:21","2023-10-14 16:47:21"
"61","16","11","4","2023-10-14 16:47:47","2023-10-14 16:47:47"
"62","16","16","4.5","2023-10-14 16:48:58","2023-10-14 16:48:58"
"63","17","11","5","2023-10-14 16:49:20","2023-10-14 16:49:20"
"64","17","4","4.5","2023-10-14 16:50:03","2023-10-14 16:50:03"
"65","17","18","3.5","2023-10-14 16:50:18","2023-10-14 16:50:18"
"66","17","2","3","2023-10-14 16:50:28","2023-10-14 16:50:28"
"67","18","13","5","2023-10-14 16:50:43","2023-10-14 16:50:43"
"68","18","30","4.5","2023-10-14 16:51:04","2023-10-14 16:51:04"
"69","18","26","3","2023-10-14 16:51:28","2023-10-14 16:51:28"
"70","19","18","3","2023-10-14 16:51:36","2023-10-14 16:51:36"
"71","19","16","5","2023-10-14 16:52:37","2023-10-14 16:52:37"
"72","19","13","3","2023-10-14 16:52:44","2023-10-14 16:52:44"
"73","19","5","3","2023-10-14 16:52:55","2023-10-14 16:52:55"
"74","12","30","5","2023-10-14 16:53:59","2023-10-14 16:53:59"
"75","20","13","3","2023-10-14 16:54:12","2023-10-14 16:54:12"
"76","20","6","3","2023-10-14 16:54:21","2023-10-14 16:54:21"
"77","20","19","4","2023-10-14 16:54:33","2023-10-14 16:54:33"
"78","21","29","4","2023-10-14 16:58:36","2023-10-14 16:58:36"
"79","21","8","2","2023-10-14 16:58:49","2023-10-14 16:58:49"
"80","21","28","3.5","2023-10-14 16:59:04","2023-10-14 16:59:04"
"81","21","20","5","2023-10-14 16:59:21","2023-10-14 16:59:21"
"82","22","10","4","2023-10-14 16:59:30","2023-10-14 16:59:30"
"83","22","21","3","2023-10-14 16:59:40","2023-10-14 16:59:40"
"84","22","8","5","2023-10-14 16:59:50","2023-10-14 16:59:50"
"85","22","3","4","2023-10-14 17:00:03","2023-10-14 17:00:03"
"86","23","7","4","2023-10-14 17:00:24","2023-10-14 17:00:24"
"87","23","6","4.5","2023-10-14 17:00:33","2023-10-14 17:00:33"
"88","23","26","4","2023-10-14 17:00:48","2023-10-14 17:00:48"
"89","23","12","5","2023-10-14 17:01:07","2023-10-14 17:01:07"
"90","24","7","4.5","2023-10-14 17:04:50","2023-10-14 17:04:50"
"91","24","5","3.5","2023-10-14 17:05:01","2023-10-14 17:05:01"
"92","27","13","3.5","2023-10-14 17:05:21","2023-10-14 17:05:21"
"93","24","3","4","2023-10-14 17:05:31","2023-10-14 17:05:31"
"94","25","26","3.5","2023-10-14 17:06:14","2023-10-14 17:06:14"
"95","25","24","5","2023-10-14 17:06:26","2023-10-14 17:06:26"
"96","25","2","4","2023-10-14 17:06:37","2023-10-14 17:06:37"
"97","25","25","3","2023-10-14 17:06:50","2023-10-14 17:06:50"
"98","26","23","5","2023-10-14 17:07:05","2023-10-14 17:07:05"
"99","26","16","4","2023-10-14 17:07:18","2023-10-14 17:07:18"
"100","26","24","3","2023-10-14 17:07:31","2023-10-14 17:07:31"
"101","26","17","4","2023-10-14 17:07:44","2023-10-14 17:07:44"
"102","27","18","4.5","2023-10-14 17:08:54","2023-10-14 17:08:54"
"103","27","27","5","2023-10-14 17:09:08","2023-10-14 17:09:08"
"104","27","1","3","2023-10-14 17:09:35","2023-10-14 17:09:35"
"105","28","24","4","2023-10-14 17:11:22","2023-10-14 17:11:22"
"106","28","12","4","2023-10-14 17:11:32","2023-10-14 17:11:32"
"107","28","17","3","2023-10-14 17:11:45","2023-10-14 17:11:45"
"108","28","2","4.5","2023-10-14 17:11:57","2023-10-14 17:11:57"
"109","28","3","4.5","2023-10-14 17:12:28","2023-10-14 17:12:28"
"110","29","19","3.5","2023-10-14 17:13:20","2023-10-14 17:13:20"
"111","29","12","3","2023-10-14 17:13:32","2023-10-14 17:13:32"
"112","29","15","5","2023-10-14 17:13:41","2023-10-14 17:13:41"
"113","29","10","3.5","2023-10-14 17:13:52","2023-10-14 17:13:52"
"114","30","23","3","2023-10-14 17:14:08","2023-10-14 17:14:08"
"115","30","19","3.5","2023-10-14 17:14:18","2023-10-14 17:14:18"
"116","30","25","3","2023-10-14 17:14:32","2023-10-14 17:14:32"
"117","30","14","4","2023-10-14 17:14:51","2023-10-14 17:14:51"
"118","31","29","3.5","2023-10-15 02:43:57","2023-10-15 02:43:57"
"119","31","13","3.5","2023-10-15 02:44:24","2023-10-15 02:44:24"
"120","31","22","3.5","2023-10-15 02:44:51","2023-10-15 02:44:51"
"121","32","20","4.5","2023-10-15 02:45:08","2023-10-15 02:45:08"
"122","32","23","5","2023-10-15 02:45:18","2023-10-15 02:45:18"
"123","32","9","3","2023-10-15 02:45:28","2023-10-15 02:45:28"
"124","32","2","4","2023-10-15 02:45:36","2023-10-15 02:45:36"
"125","33","4","3.5","2023-10-15 02:45:47","2023-10-15 02:45:47"
"126","33","23","3.5","2023-10-15 02:45:59","2023-10-15 02:45:59"
"127","33","13","4","2023-10-15 02:46:11","2023-10-15 02:46:11"
"128","34","5","3","2023-10-15 02:46:38","2023-10-15 02:46:38"
"129","34","22","4","2023-10-15 02:47:05","2023-10-15 02:47:05"
"130","34","2","3.5","2023-10-15 02:47:14","2023-10-15 02:47:14"
"131","34","18","5","2023-10-15 02:47:24","2023-10-15 02:47:24"
"132","35","28","3","2023-10-15 02:47:41","2023-10-15 02:47:41"
"133","35","3","5","2023-10-15 02:47:51","2023-10-15 02:47:51"
"134","35","11","3.5","2023-10-15 02:47:59","2023-10-15 02:47:59"
"135","35","6","4.5","2023-10-15 02:48:09","2023-10-15 02:48:09"
"136","36","6","3","2023-10-15 02:48:19","2023-10-15 02:48:19"
"137","36","14","3","2023-10-15 02:48:32","2023-10-15 02:48:32"
"138","36","1","3","2023-10-15 02:48:40","2023-10-15 02:48:40"
"139","36","9","3.5","2023-10-15 02:48:50","2023-10-15 02:48:50"
"140","37","27","3.5","2023-10-15 02:49:02","2023-10-15 02:49:02"
"141","37","15","4","2023-10-15 02:49:11","2023-10-15 02:49:11"
"142","37","11","4.5","2023-10-15 02:49:22","2023-10-15 02:49:22"
"143","37","9","5","2023-10-15 02:49:42","2023-10-15 02:49:42"
"144","38","1","5","2023-10-15 02:50:34","2023-10-15 02:50:34"
"145","38","12","4","2023-10-15 02:50:44","2023-10-15 02:50:44"
"146","38","8","5","2023-10-15 02:50:54","2023-10-15 02:50:54"
"147","38","7","4","2023-10-15 02:51:05","2023-10-15 02:51:05"
"148","39","27","3.5","2023-10-15 02:51:21","2023-10-15 02:51:21"
"149","39","12","3.5","2023-10-15 02:51:30","2023-10-15 02:51:30"
"150","39","29","4.5","2023-10-15 02:51:45","2023-10-15 02:51:45"
"151","39","14","3","2023-10-15 02:51:58","2023-10-15 02:51:58"
"152","40","6","4.5","2023-10-15 02:52:12","2023-10-15 02:52:12"
"153","40","11","5","2023-10-15 02:52:24","2023-10-15 02:52:24"
"154","40","13","3","2023-10-15 02:52:35","2023-10-15 02:52:35"
"155","40","5","5","2023-10-15 02:52:45","2023-10-15 02:52:45"
"156","41","16","3.5","2023-10-15 02:53:20","2023-10-15 02:53:20"
"157","41","7","3","2023-10-15 02:53:29","2023-10-15 02:53:29"
"158","41","6","3.5","2023-10-15 02:53:40","2023-10-15 02:53:40"
"159","41","3","3","2023-10-15 02:53:49","2023-10-15 02:53:49"
"160","42","9","4","2023-10-15 02:54:07","2023-10-15 02:54:07"
"161","42","15","5","2023-10-15 02:54:16","2023-10-15 02:54:16"
"162","42","14","4","2023-10-15 02:54:25","2023-10-15 02:54:25"
"163","42","13","3.5","2023-10-15 02:54:36","2023-10-15 02:54:36"
"164","43","29","3","2023-10-15 02:54:53","2023-10-15 02:54:53"
"165","43","19","5","2023-10-15 02:57:28","2023-10-15 02:57:28"
"166","43","4","3.5","2023-10-15 02:57:37","2023-10-15 02:57:37"
"167","43","6","3.5","2023-10-15 02:57:50","2023-10-15 02:57:50"
"168","44","4","4","2023-10-15 02:58:22","2023-10-15 02:58:22"
"169","44","6","3.5","2023-10-15 02:58:45","2023-10-15 02:58:45"
"170","44","5","3","2023-10-15 02:58:54","2023-10-15 02:58:54"
"171","44","7","5","2023-10-15 02:59:03","2023-10-15 02:59:03"
"172","44","8","5","2023-10-15 02:59:28","2023-10-15 02:59:28"
"173","43","23","4","2023-10-15 03:00:03","2023-10-15 03:00:03"
"174","45","16","4","2023-10-15 03:00:26","2023-10-15 03:00:26"
"175","45","25","4.5","2023-10-15 03:00:35","2023-10-15 03:00:35"
"176","45","26","3.5","2023-10-15 03:00:46","2023-10-15 03:00:46"
"177","46","25","3.5","2023-10-15 03:01:04","2023-10-15 03:01:04"
"178","46","16","4.5","2023-10-15 03:01:15","2023-10-15 03:01:15"
"179","46","23","4.5","2023-10-15 03:01:27","2023-10-15 03:01:27"
"180","46","11","4","2023-10-15 03:01:38","2023-10-15 03:01:38"
"181","47","3","4","2023-10-15 03:01:52","2023-10-15 03:01:52"
"182","47","23","5","2023-10-15 03:02:03","2023-10-15 03:02:03"
"183","47","8","3","2023-10-15 03:02:12","2023-10-15 03:02:12"
"184","47","24","5","2023-10-15 03:02:23","2023-10-15 03:02:23"
"185","48","14","4","2023-10-15 03:03:13","2023-10-15 03:03:13"
"186","48","3","4","2023-10-15 03:03:21","2023-10-15 03:03:21"
"187","48","10","3","2023-10-15 03:03:31","2023-10-15 03:03:31"
"188","48","9","5","2023-10-15 03:03:39","2023-10-15 03:03:39"
"189","49","16","4.5","2023-10-15 03:03:51","2023-10-15 03:03:51"
"190","49","12","4.5","2023-10-15 03:04:00","2023-10-15 03:04:00"
"191","49","23","5","2023-10-15 03:04:09","2023-10-15 03:04:09"
"192","49","30","5","2023-10-15 03:04:18","2023-10-15 03:04:18"
"193","50","8","3","2023-10-15 03:04:29","2023-10-15 03:04:29"
"194","50","2","3","2023-10-15 03:04:40","2023-10-15 03:04:40"
"195","50","30","4","2023-10-15 03:04:50","2023-10-15 03:04:50"
"196","50","26","3","2023-10-15 03:05:03","2023-10-15 03:05:03"
"197","51","16","5","2023-10-15 03:07:44","2023-10-15 03:07:44"
"198","51","22","4","2023-10-15 03:07:53","2023-10-15 03:07:53"
"199","51","15","5","2023-10-15 03:08:04","2023-10-15 03:08:04"
"200","51","24","4","2023-10-15 03:08:15","2023-10-15 03:08:15"
"201","52","10","4","2023-10-15 03:08:37","2023-10-15 03:08:37"
"202","52","1","5","2023-10-15 03:08:50","2023-10-15 03:08:50"
"203","52","25","4","2023-10-15 03:09:03","2023-10-15 03:09:03"
"204","53","30","3.5","2023-10-15 03:09:39","2023-10-15 03:09:39"
"205","53","14","3.5","2023-10-15 03:10:34","2023-10-15 03:10:34"
"206","53","25","5","2023-10-15 03:10:43","2023-10-15 03:10:43"
"207","53","5","3","2023-10-15 03:10:53","2023-10-15 03:10:53"
"208","54","3","3.5","2023-10-15 03:11:05","2023-10-15 03:11:05"
"209","54","1","5","2023-10-15 03:11:12","2023-10-15 03:11:12"
"210","54","19","4.5","2023-10-15 03:11:22","2023-10-15 03:11:22"
"211","54","11","4.5","2023-10-15 03:11:31","2023-10-15 03:11:31"
"212","55","16","3.5","2023-10-15 03:11:49","2023-10-15 03:11:49"
"213","55","25","4.5","2023-10-15 03:12:01","2023-10-15 03:12:01"
"214","55","5","5","2023-10-15 03:12:11","2023-10-15 03:12:11"
"215","55","7","5","2023-10-15 03:12:20","2023-10-15 03:12:20"
"216","56","2","4.5","2023-10-15 03:12:30","2023-10-15 03:12:30"
"217","56","13","5","2023-10-15 03:13:15","2023-10-15 03:13:15"
"218","56","3","5","2023-10-15 03:13:39","2023-10-15 03:13:39"
"219","56","8","3","2023-10-15 03:13:47","2023-10-15 03:13:47"
"220","57","12","5","2023-10-15 03:16:31","2023-10-15 03:16:31"
"221","57","15","3.5","2023-10-15 03:16:40","2023-10-15 03:16:40"
"222","57","9","4.5","2023-10-15 03:16:48","2023-10-15 03:16:48"
"223","57","14","4.5","2023-10-15 03:16:57","2023-10-15 03:16:57"
"224","58","26","5","2023-10-15 03:17:16","2023-10-15 03:17:16"
"225","58","2","5","2023-10-15 03:17:25","2023-10-15 03:17:25"
"226","58","22","3.5","2023-10-15 03:17:35","2023-10-15 03:17:35"
"227","58","11","3","2023-10-15 03:17:54","2023-10-15 03:17:54"
"228","59","2","3","2023-10-15 03:18:16","2023-10-15 03:18:16"
"229","59","24","4","2023-10-15 03:18:27","2023-10-15 03:18:27"
"230","59","29","4.5","2023-10-15 03:18:37","2023-10-15 03:18:37"
"231","59","1","4.5","2023-10-15 03:18:46","2023-10-15 03:18:46"
"232","60","25","4","2023-10-15 03:19:00","2023-10-15 03:19:00"
"233","60","13","3","2023-10-15 03:19:10","2023-10-15 03:19:10"
"234","60","18","4","2023-10-15 03:19:19","2023-10-15 03:19:19"
"235","60","3","3","2023-10-15 03:19:30","2023-10-15 03:19:30"
"236","61","30","3","2023-10-15 03:26:50","2023-10-15 03:26:50"
"237","61","15","3","2023-10-15 03:27:08","2023-10-15 03:27:08"
"238","61","7","4.5","2023-10-15 03:27:21","2023-10-15 03:27:21"
"239","61","20","4.5","2023-10-15 03:27:30","2023-10-15 03:27:30"
"240","62","2","4.5","2023-10-15 03:28:17","2023-10-15 03:28:17"
"241","62","1","4.5","2023-10-15 03:28:25","2023-10-15 03:28:25"
"242","62","3","4","2023-10-15 03:28:35","2023-10-15 03:28:35"
"243","62","28","4.5","2023-10-15 03:28:46","2023-10-15 03:28:46"
"244","63","29","3.5","2023-10-15 03:29:21","2023-10-15 03:29:21"
"245","63","9","4.5","2023-10-15 03:29:35","2023-10-15 03:29:35"
"246","63","5","3","2023-10-15 03:29:43","2023-10-15 03:29:43"
"247","63","24","3.5","2023-10-15 03:29:54","2023-10-15 03:29:54"
"248","64","12","4.5","2023-10-15 03:30:18","2023-10-15 03:30:18"
"249","64","11","4.5","2023-10-15 03:30:26","2023-10-15 03:30:26"
"250","64","27","4","2023-10-15 03:30:39","2023-10-15 03:30:39"
"251","65","29","5","2023-10-15 03:31:37","2023-10-15 03:31:37"
"252","65","2","3","2023-10-15 03:31:45","2023-10-15 03:31:45"
"253","65","3","3.5","2023-10-15 03:31:56","2023-10-15 03:31:56"
"254","65","11","4.5","2023-10-15 03:32:06","2023-10-15 03:32:06"
"255","66","3","4","2023-10-15 03:33:07","2023-10-15 03:33:07"
"256","66","14","3.5","2023-10-15 03:33:16","2023-10-15 03:33:16"
"257","65","10","5","2023-10-15 03:33:24","2023-10-15 03:33:24"
"258","66","30","4","2023-10-15 03:33:50","2023-10-15 03:33:50"
"259","67","11","3","2023-10-15 03:34:03","2023-10-15 03:34:03"
"260","67","14","3.5","2023-10-15 03:34:12","2023-10-15 03:34:12"
"261","67","26","3.5","2023-10-15 03:34:23","2023-10-15 03:34:23"
"262","67","15","3.5","2023-10-15 03:34:34","2023-10-15 03:34:34"
"263","68","29","4.5","2023-10-15 03:35:19","2023-10-15 03:35:19"
"264","68","19","3.5","2023-10-15 03:35:27","2023-10-15 03:35:27"
"265","68","10","4.5","2023-10-15 03:35:36","2023-10-15 03:35:36"
"266","68","12","4","2023-10-15 03:35:45","2023-10-15 03:35:45"
"267","69","2","3","2023-10-15 03:36:06","2023-10-15 03:36:06"
"268","69","25","5","2023-10-15 03:36:19","2023-10-15 03:36:19"
"269","69","5","5","2023-10-15 03:36:28","2023-10-15 03:36:28"
"270","69","3","4","2023-10-15 03:36:36","2023-10-15 03:36:36"
"271","70","11","5","2023-10-15 03:36:58","2023-10-15 03:36:58"
"272","70","7","3","2023-10-15 03:37:11","2023-10-15 03:37:11"
"273","70","17","4","2023-10-15 03:37:22","2023-10-15 03:37:22"
"274","70","26","4","2023-10-15 03:37:32","2023-10-15 03:37:32"
"275","71","19","4","2023-10-15 03:42:42","2023-10-15 03:42:42"
"276","71","26","3","2023-10-15 03:42:54","2023-10-15 03:42:54"
"277","71","4","4.5","2023-10-15 03:43:02","2023-10-15 03:43:02"
"278","72","15","3.5","2023-10-15 03:43:19","2023-10-15 03:43:19"
"279","72","24","3","2023-10-15 03:43:28","2023-10-15 03:43:28"
"280","72","17","5","2023-10-15 03:43:37","2023-10-15 03:43:37"
"281","72","5","4","2023-10-15 03:43:45","2023-10-15 03:43:45"
"282","73","5","5","2023-10-15 03:43:56","2023-10-15 03:43:56"
"283","73","1","3","2023-10-15 03:44:10","2023-10-15 03:44:10"
"284","73","19","4","2023-10-15 03:44:41","2023-10-15 03:44:41"
"285","73","12","3","2023-10-15 03:45:33","2023-10-15 03:45:33"
"286","74","5","4","2023-10-15 03:45:48","2023-10-15 03:45:48"
"287","74","3","3.5","2023-10-15 03:46:00","2023-10-15 03:46:00"
"288","74","18","3.5","2023-10-15 03:46:11","2023-10-15 03:46:11"
"289","75","17","4.5","2023-10-15 03:46:37","2023-10-15 03:46:37"
"290","75","7","4","2023-10-15 03:46:47","2023-10-15 03:46:47"
"291","75","10","5","2023-10-15 03:46:54","2023-10-15 03:46:54"
"292","75","13","5","2023-10-15 03:47:03","2023-10-15 03:47:03"
"293","76","6","5","2023-10-15 03:47:16","2023-10-15 03:47:16"
"294","76","22","5","2023-10-15 03:47:25","2023-10-15 03:47:25"
"295","76","5","4.5","2023-10-15 03:47:36","2023-10-15 03:47:36"
"296","76","26","5","2023-10-15 03:47:48","2023-10-15 03:47:48"
"297","77","16","5","2023-10-15 04:55:00","2023-10-15 04:55:00"
"298","77","30","4","2023-10-15 04:55:12","2023-10-15 04:55:12"
"299","77","4","3","2023-10-15 04:55:19","2023-10-15 04:55:19"
"300","78","7","4.5","2023-10-15 04:57:33","2023-10-15 04:57:33"
"301","78","15","4","2023-10-15 04:57:43","2023-10-15 04:57:43"
"302","78","12","3.5","2023-10-15 04:57:53","2023-10-15 04:57:53"
"303","78","1","4.5","2023-10-15 04:58:00","2023-10-15 04:58:00"
"304","79","10","3.5","2023-10-15 04:58:15","2023-10-15 04:58:15"
"305","79","20","3.5","2023-10-15 04:58:25","2023-10-15 04:58:25"
"306","79","16","4","2023-10-15 04:58:34","2023-10-15 04:58:34"
"307","79","23","4","2023-10-15 04:58:45","2023-10-15 04:58:45"
"308","80","10","5","2023-10-15 04:58:59","2023-10-15 04:58:59"
"309","80","27","3.5","2023-10-15 04:59:13","2023-10-15 04:59:13"
"310","80","4","3.5","2023-10-15 04:59:21","2023-10-15 04:59:21"
"311","81","27","3","2023-10-15 04:59:45","2023-10-15 04:59:45"
"312","81","10","5","2023-10-15 04:59:58","2023-10-15 04:59:58"
"313","81","3","3.5","2023-10-15 05:00:12","2023-10-15 05:00:12"
"314","82","24","5","2023-10-15 05:00:26","2023-10-15 05:00:26"
"315","82","22","3","2023-10-15 05:00:39","2023-10-15 05:00:39"
"316","82","14","5","2023-10-15 05:01:00","2023-10-15 05:01:00"
"317","83","18","5","2023-10-15 05:01:16","2023-10-15 05:01:16"
"318","83","9","4.5","2023-10-15 05:01:30","2023-10-15 05:01:30"
"319","83","8","3.5","2023-10-15 05:01:39","2023-10-15 05:01:39"
"320","84","24","3.5","2023-10-15 05:01:53","2023-10-15 05:01:53"
"321","84","29","5","2023-10-15 05:02:04","2023-10-15 05:02:04"
"322","84","2","3.5","2023-10-15 05:02:12","2023-10-15 05:02:12"
"323","84","11","5","2023-10-15 05:02:21","2023-10-15 05:02:21"
"324","85","7","4.5","2023-10-15 05:02:31","2023-10-15 05:02:31"
"325","85","3","4.5","2023-10-15 05:02:40","2023-10-15 05:02:40"
"326","85","27","3.5","2023-10-15 05:02:48","2023-10-15 05:02:48"
"327","85","18","5","2023-10-15 05:02:57","2023-10-15 05:02:57"
"328","86","3","5","2023-10-15 05:03:10","2023-10-15 05:03:10"
"329","86","12","3","2023-10-15 05:03:25","2023-10-15 05:03:25"
"330","86","7","4","2023-10-15 05:03:32","2023-10-15 05:03:32"
"331","86","14","5","2023-10-15 05:03:39","2023-10-15 05:03:39"
"332","84","6","3.5","2023-10-15 05:03:48","2023-10-15 05:03:48"
"333","87","5","5","2023-10-15 05:03:59","2023-10-15 05:03:59"
"334","87","15","5","2023-10-15 05:04:07","2023-10-15 05:04:07"
"335","87","21","3.5","2023-10-15 05:04:15","2023-10-15 05:04:15"
"336","88","16","4.5","2023-10-15 05:04:26","2023-10-15 05:04:26"
"337","88","28","3.5","2023-10-15 05:04:35","2023-10-15 05:04:35"
"338","88","27","3","2023-10-15 05:04:54","2023-10-15 05:04:54"
"339","89","22","4.5","2023-10-15 05:05:07","2023-10-15 05:05:07"
"340","89","3","4.5","2023-10-15 05:05:13","2023-10-15 05:05:13"
"341","89","14","4.5","2023-10-15 05:05:23","2023-10-15 05:05:23"
"342","89","10","3","2023-10-15 05:05:32","2023-10-15 05:05:32"
"343","90","2","4","2023-10-15 05:05:43","2023-10-15 05:05:43"
"344","90","20","4.5","2023-10-15 05:05:53","2023-10-15 05:05:53"
"345","90","19","3.5","2023-10-15 05:06:20","2023-10-15 05:06:20"
"346","90","18","5","2023-10-15 05:06:28","2023-10-15 05:06:28"
"347","91","26","4.5","2023-10-15 05:08:00","2023-10-15 05:08:00"
"348","91","7","3.5","2023-10-15 05:08:08","2023-10-15 05:08:08"
"349","91","19","3","2023-10-15 05:08:19","2023-10-15 05:08:19"
"350","91","14","4.5","2023-10-15 05:08:30","2023-10-15 05:08:30"
"351","92","3","4","2023-10-15 05:08:43","2023-10-15 05:08:43"
"352","92","28","4","2023-10-15 05:08:53","2023-10-15 05:08:53"
"353","92","21","3.5","2023-10-15 05:09:02","2023-10-15 05:09:02"
"354","92","30","4.5","2023-10-15 05:09:13","2023-10-15 05:09:13"
"355","93","22","3.5","2023-10-15 05:09:31","2023-10-15 05:09:31"
"356","93","19","4.5","2023-10-15 05:09:40","2023-10-15 05:09:40"
"357","93","11","4.5","2023-10-15 05:09:50","2023-10-15 05:09:50"
"358","93","9","4","2023-10-15 05:10:01","2023-10-15 05:10:01"
"359","94","28","3.5","2023-10-15 05:10:13","2023-10-15 05:10:13"
"360","94","30","4.5","2023-10-15 05:10:24","2023-10-15 05:10:24"
"361","94","9","3.5","2023-10-15 05:10:33","2023-10-15 05:10:33"
"362","94","27","4","2023-10-15 05:10:49","2023-10-15 05:10:49"
"363","95","24","4","2023-10-15 05:11:08","2023-10-15 05:11:08"
"364","95","17","5","2023-10-15 05:11:18","2023-10-15 05:11:18"
"365","95","20","3.5","2023-10-15 05:11:27","2023-10-15 05:11:27"
"366","95","16","3.5","2023-10-15 05:11:36","2023-10-15 05:11:36"
"367","96","7","5","2023-10-15 05:11:45","2023-10-15 05:11:45"
"368","96","23","4","2023-10-15 05:11:55","2023-10-15 05:11:55"
"369","96","5","4","2023-10-15 05:12:05","2023-10-15 05:12:05"
"370","96","21","5","2023-10-15 05:12:13","2023-10-15 05:12:13"
"371","97","4","5","2023-10-15 05:12:23","2023-10-15 05:12:23"
"372","97","24","5","2023-10-15 05:12:32","2023-10-15 05:12:32"
"373","97","22","3.5","2023-10-15 05:12:42","2023-10-15 05:12:42"
"374","97","7","5","2023-10-15 05:12:49","2023-10-15 05:12:49"
"375","98","9","5","2023-10-15 05:13:03","2023-10-15 05:13:03"
"376","98","3","4.5","2023-10-15 05:13:12","2023-10-15 05:13:12"
"377","98","11","5","2023-10-15 05:13:21","2023-10-15 05:13:21"
"378","98","25","4","2023-10-15 05:13:31","2023-10-15 05:13:31"
"379","99","16","5","2023-10-15 05:13:56","2023-10-15 05:13:56"
"380","99","28","4.5","2023-10-15 05:14:10","2023-10-15 05:14:10"
"381","99","13","3.5","2023-10-15 05:14:18","2023-10-15 05:14:18"
"382","100","10","3","2023-10-15 05:14:42","2023-10-15 05:14:42"
"383","100","3","4","2023-10-15 05:14:51","2023-10-15 05:14:51"
"384","100","8","3.5","2023-10-15 05:15:01","2023-10-15 05:15:01"
"385","100","21","3.5","2023-10-15 05:15:13","2023-10-15 05:15:13"
"386","101","25","3.5","2023-10-15 05:15:43","2023-10-15 05:15:43"
"387","101","8","5","2023-10-15 05:15:52","2023-10-15 05:15:52"
"388","101","24","5","2023-10-15 05:16:05","2023-10-15 05:16:05"
"389","101","4","3.5","2023-10-15 05:16:14","2023-10-15 05:16:14"
"390","102","23","5","2023-10-15 05:16:28","2023-10-15 05:16:28"
"391","102","14","5","2023-10-15 05:16:37","2023-10-15 05:16:37"
"392","102","9","4","2023-10-15 05:16:46","2023-10-15 05:16:46"
"393","102","16","3.5","2023-10-15 05:16:54","2023-10-15 05:16:54"
"394","103","19","4","2023-10-15 05:17:03","2023-10-15 05:17:03"
"395","103","3","3.5","2023-10-15 05:17:10","2023-10-15 05:17:10"
"396","103","24","4.5","2023-10-15 05:17:20","2023-10-15 05:17:20"
"397","103","25","4","2023-10-15 05:17:32","2023-10-15 05:17:32"
"398","104","21","5","2023-10-15 05:17:44","2023-10-15 05:17:44"
"399","104","30","5","2023-10-15 05:17:52","2023-10-15 05:17:52"
"400","104","29","4","2023-10-15 05:18:05","2023-10-15 05:18:05"
"401","104","3","4","2023-10-15 05:18:14","2023-10-15 05:18:14"
"402","105","25","3.5","2023-10-15 05:18:26","2023-10-15 05:18:26"
"403","105","17","4.5","2023-10-15 05:18:35","2023-10-15 05:18:35"
"404","105","21","3.5","2023-10-15 05:18:43","2023-10-15 05:18:43"
"405","105","4","4","2023-10-15 05:18:50","2023-10-15 05:18:50"
"406","106","25","3.5","2023-10-15 05:19:02","2023-10-15 05:19:02"
"407","106","19","5","2023-10-15 05:19:10","2023-10-15 05:19:10"
"408","106","6","3.5","2023-10-15 05:19:18","2023-10-15 05:19:18"
"409","107","10","4.5","2023-10-15 05:19:31","2023-10-15 05:19:31"
"410","107","15","3.5","2023-10-15 05:19:40","2023-10-15 05:19:40"
"411","107","3","3.5","2023-10-15 05:19:49","2023-10-15 05:19:49"
"412","108","13","4.5","2023-10-15 05:20:01","2023-10-15 05:20:01"
"413","108","25","5","2023-10-15 05:20:09","2023-10-15 05:20:09"
"414","108","19","4.5","2023-10-15 05:20:26","2023-10-15 05:20:26"
"415","110","8","3.5","2023-10-15 05:20:37","2023-10-15 05:20:37"
"416","109","23","3.5","2023-10-15 05:20:45","2023-10-15 05:20:45"
"417","109","17","5","2023-10-15 05:21:31","2023-10-15 05:21:31"
"418","109","22","4","2023-10-15 05:21:39","2023-10-15 05:21:39"
"419","110","6","5","2023-10-15 05:21:49","2023-10-15 05:21:49"
"420","110","25","5","2023-10-15 05:21:58","2023-10-15 05:21:58"
"421","110","29","3.5","2023-10-15 05:22:08","2023-10-15 05:22:08"
"422","110","23","4","2023-10-15 05:22:22","2023-10-15 05:22:22"
"423","111","13","5","2023-10-15 05:22:37","2023-10-15 05:22:37"
"424","111","10","5","2023-10-15 05:22:44","2023-10-15 05:22:44"
"425","111","23","4.5","2023-10-15 05:22:52","2023-10-15 05:22:52"
"426","112","23","3.5","2023-10-15 05:23:13","2023-10-15 05:23:13"
"427","112","10","4","2023-10-15 05:23:19","2023-10-15 05:23:19"
"428","112","29","5","2023-10-15 05:23:26","2023-10-15 05:23:26"
"429","112","25","5","2023-10-15 05:23:36","2023-10-15 05:23:36"
"430","113","30","4.5","2023-10-15 05:23:47","2023-10-15 05:23:47"
"431","113","27","4.5","2023-10-15 05:23:57","2023-10-15 05:23:57"
"432","113","4","5","2023-10-15 05:24:07","2023-10-15 05:24:07"
"433","113","18","5","2023-10-15 05:24:15","2023-10-15 05:24:15"
"434","114","20","5","2023-10-15 05:24:26","2023-10-15 05:24:26"
"435","114","12","3.5","2023-10-15 05:24:34","2023-10-15 05:24:34"
"436","114","29","5","2023-10-15 05:24:44","2023-10-15 05:24:44"
"437","114","23","5","2023-10-15 05:24:54","2023-10-15 05:24:54"
"438","115","10","3.5","2023-10-15 05:25:04","2023-10-15 05:25:04"
"439","115","19","3.5","2023-10-15 05:25:12","2023-10-15 05:25:12"
"440","115","13","5","2023-10-15 05:25:19","2023-10-15 05:25:19"
"441","115","25","3.5","2023-10-15 05:25:29","2023-10-15 05:25:29"
"442","116","5","3.5","2023-10-15 05:25:38","2023-10-15 05:25:38"
"443","116","13","3.5","2023-10-15 05:25:47","2023-10-15 05:25:47"
"444","116","18","4","2023-10-15 05:25:56","2023-10-15 05:25:56"
"445","116","7","3.5","2023-10-15 05:26:04","2023-10-15 05:26:04"
"446","117","11","5","2023-10-15 05:26:14","2023-10-15 05:26:14"
"447","117","7","5","2023-10-15 05:26:22","2023-10-15 05:26:22"
"448","117","25","5","2023-10-15 05:26:31","2023-10-15 05:26:31"
"449","117","29","5","2023-10-15 05:26:39","2023-10-15 05:26:39"
"450","118","26","3.5","2023-10-15 05:26:50","2023-10-15 05:26:50"
"451","118","30","4","2023-10-15 05:26:58","2023-10-15 05:26:58"
"452","118","1","4","2023-10-15 05:27:04","2023-10-15 05:27:04"
"453","119","30","5","2023-10-15 05:27:14","2023-10-15 05:27:14"
"454","119","10","5","2023-10-15 05:27:21","2023-10-15 05:27:21"
"455","119","21","3.5","2023-10-15 05:27:31","2023-10-15 05:27:31"
